Full Name,Email,State,LGA region,Postcode
Louise Munt,lmuntgr@google.com,New South Wales,Armidale Dumaresq,2350
Reagen Grey,rgreyh0@barnesandnoble.com,New South Wales,Armidale Dumaresq,2351
Beau Becarra,bbecarrah4@businessinsider.com,New South Wales,Armidale Dumaresq,2354
Roxanna Abbey,rabbeyhl@ifeng.com,New South Wales,Armidale Dumaresq,2358
Bald Cud,bcudi3@upenn.edu,New South Wales,Armidale Dumaresq,2365
Lester Lante,llantel6@miibeian.gov.cn,New South Wales,Armidale Dumaresq,2440
Nancee Bearfoot,nbearfootm0@hc360.com,New South Wales,Armidale Dumaresq,2453
Jsandye Pitfield,jpitfieldm5@state.gov,New South Wales,Armidale Dumaresq,2454
Ardo Clues,acl1u@sfgate.com,New South Wales,Ashfield,2040
Armando Clues,aclues1u@sfgate.com,New South Wales,Ashfield,2040
Field Crudginton,fcrudginton26@indiegogo.com,New South Wales,Ashfield,2045
Berni Kinsley,bkinsley29@alexa.com,New South Wales,Ashfield,2046
Mik Kinsley,mikkinsley29@alexa.com,New South Wales,Ashfield,2046
Beret Cocci,bcocci2f@ycombinator.com,New South Wales,Ashfield,2049
Robert Lutzmann,rlutzmann5v@europa.eu,New South Wales,Ashfield,2130
Eziechiele Fulmen,efulmen5x@yahoo.com,New South Wales,Ashfield,2131
Michelle Den,mden@yahoo.com,New South Wales,Ashfield,2131
Luke Dredge,lukedredge@yahoo.com,New South Wales,Ashfield,2131
Henry Poi,bjjj@gmail.com,New South Wales,Ashfield,2131
Cordelie Geator,cgeator61@cbsnews.com,New South Wales,Ashfield,2132
Loop ingt,loopingt@gmail.com,New South Wales,Ashfield,2132
Steven Mill,smill@gmail.com,New South Wales,Ashfield,2132
Mechelle Itschakov,mitschakov64@nifty.com,New South Wales,Ashfield,2133
Pattie Hattiff,phattiff9s@skyrock.com,New South Wales,Ashfield,2133
Keeley Pyrah,kpyrahr6@gizmodo.com,New South Wales,Ashfield,2133
Sargent Enticott,senticott6@xrea.com,New South Wales,Ashfield,2133
Meir Marsie,mmarsie8@loc.gov,New South Wales,Ashfield,2193
Prentiss Dimitresco,pdimitrescor@printfriendly.com,New South Wales,Ashfield,2193
Rorie Weldon,rweldonu@t.co,New South Wales,Ashfield,2193
Grange Charville,gcharvillew@cafepress.com,New South Wales,Ashfield,2193
Lea Baughn,lbaughn12@ycombinator.com,New South Wales,Ashfield,2193
Myrah Meynell,mmeynell14@dailymotion.com,New South Wales,Ashfield,2193
Cherry Goade,cgoade16@examiner.com,New South Wales,Ashfield,2193
Herbert Moyers,hmoyersaa@sun.com,New South Wales,Ashfield,2203
Troy Gini,troygini@gmail.com,New South Wales,Auburn,2127
Troy ardini,trcgy@gmail.com,New South Wales,Auburn,2127
Troy Poni,tgirardini5p@ca.gov,New South Wales,Auburn,2127
Elmira Glendinning,eglendinning5s@ameblo.jp,New South Wales,Auburn,2128
Dyanna Brunke,dbrunke6a@who.int,New South Wales,Auburn,2135
Galvan Truman,gtruman6l@stanford.edu,New South Wales,Auburn,2138
Goldia Sarg,iuhioibct@gmail.com,New South Wales,Auburn,2140
Roi Sargison,gsargison6p@marriott.com,New South Wales,Auburn,2140
Dia Ison,diaison@gmail.com,New South Wales,Auburn,2140
Ray Saison,niijplray@gmail.com,New South Wales,Auburn,2140
Loni Poli,Loni@gmail.com,New South Wales,Auburn,2140
Chrisy Coultar,ccoultar6s@telegraph.co.uk,New South Wales,Auburn,2141
Mable Balham,mbalhamrp@edublogs.org,New South Wales,Auburn,2141
Tobe Jeandeau,tjeandeauco@usgs.gov,New South Wales,Auburn,2141
Livia Skechley,lskechleyes@java.com,New South Wales,Auburn,2141
Don Sherrin,dsherrinrr@foxnews.com,New South Wales,Auburn,2141
Fifi Pallister,fpallister6v@prlog.org,New South Wales,Auburn,2142
Georgena Domican,gdomican6y@tmall.com,New South Wales,Auburn,2143
Hena Domican,jijij@gmail.com,New South Wales,Auburn,2143
Dorothy Kohter,dkohterce@washington.edu,New South Wales,Auburn,2144
Cathie Mayworth,cmayworthcg@pinterest.com,New South Wales,Auburn,2144
Haleigh Wardington,hwardingtonch@devhub.com,New South Wales,Auburn,2144
Wanda Shevill,wshevillci@lycos.com,New South Wales,Auburn,2144
Normand Campanelli,ncampanellicj@surveymonkey.com,New South Wales,Auburn,2144
Shae Thurbon,sthurboncl@yolasite.com,New South Wales,Auburn,2144
Dione Ludovico,dludovico70@linkedin.com,New South Wales,Auburn,2144
Willy Faldo,wfaldo86@cyberchimps.com,New South Wales,Auburn,2162
Aloin Barke,abarke9j@who.int,New South Wales,Auburn,2190
Alin B,oikoalin@gmail.com,New South Wales,Auburn,2190
Hanna Soule,hsoulemy@elpais.com,New South Wales,Ballina,2471
Kitty Yakob,kyakobn1@sphinn.com,New South Wales,Ballina,2472
Jodi Hundy,jhundynf@hostgator.com,New South Wales,Ballina,2477
Rochella Heading,rheadingni@timesonline.co.uk,New South Wales,Ballina,2478
Jerrold Wasylkiewicz,jwasylkiewicznm@boston.com,New South Wales,Ballina,2479
Yancy Wheatcroft,ywheatcroftno@latimes.com,New South Wales,Ballina,2480
Taffy McKeighen,tmckeighennu@google.cn,New South Wales,Ballina,2481
Wenona Lowdeane,wlowdeane6e@theatlantic.com,New South Wales,Bankstown,2136
Gale Banstead,gbanstead6t@businessinsider.com,New South Wales,Bankstown,2141
Rica Bartolomucci,rbartolomucci6z@wsj.com,New South Wales,Bankstown,2143
Shirline Wimmers,swimmers71@youtube.com,New South Wales,Bankstown,2144
Farrell Harriagn,fharriagn82@msn.com,New South Wales,Bankstown,2161
Dehlia Jacklings,djacklings87@php.net,New South Wales,Bankstown,2162
Ulysses Hannon,uhannon8a@angelfire.com,New South Wales,Bankstown,2163
Penn Larby,plarby8f@sun.com,New South Wales,Bankstown,2165
Zaneta Cowern,zcowern8i@scientificamerican.com,New South Wales,Bankstown,2166
Margarita Sweatman,msweatman8p@clickbank.net,New South Wales,Bankstown,2170
Hermy Lempel,hlempel8w@java.com,New South Wales,Bankstown,2172
Hildagarde Peacher,hpeacher9k@networkadvertising.org,New South Wales,Bankstown,2190
Genny Bermingham,gbermingham9x@xing.com,New South Wales,Bankstown,2195
Anatollo Caldero,acalderoa0@hibu.com,New South Wales,Bankstown,2196
Barbabas Tschersich,btschersicha2@nyu.edu,New South Wales,Bankstown,2197
Orland Kalinsky,okalinskya3@ustream.tv,New South Wales,Bankstown,2198
Gustaf Ransfield,gransfielda6@nationalgeographic.com,New South Wales,Bankstown,2199
Dell Voules,dvoulesa7@360.cn,New South Wales,Bankstown,2200
Cory Ziemen,cziemenau@bbb.org,New South Wales,Bankstown,2210
Heidie Warder,hwarderax@cyberchimps.com,New South Wales,Bankstown,2211
Cissiee Senchenko,csenchenkoaz@merriam-webster.com,New South Wales,Bankstown,2212
Sebastien Kenion,skenionb0@dot.gov,New South Wales,Bankstown,2213
Leicester Garratty,lgarrattyb3@usnews.com,New South Wales,Bankstown,2214
Bjorn Sexon,bsexonbz@unc.edu,New South Wales,Bankstown,2234
Annelise Scotchforth,ascotchforthpg@fastcompany.com,New South Wales,Bega Valley,2545
Travers Eggleton,teggletonpl@icq.com,New South Wales,Bega Valley,2546
Jay Ickeringill,jickeringillpn@scientificamerican.com,New South Wales,Bega Valley,2548
Mike Durning,mdurningpo@bbc.co.uk,New South Wales,Bega Valley,2549
Debbi Boyan,dboyanpp@salon.com,New South Wales,Bega Valley,2550
Nichol Reglar,nreglarpr@freewebs.com,New South Wales,Bega Valley,2551
Ricki Conner,rconnergs@blogtalkradio.com,New South Wales,Bellingen,2350
Verine Nunn,vnunnlb@blogtalkradio.com,New South Wales,Bellingen,2441
Gusella Flintoft,gflintoftlr@seattletimes.com,New South Wales,Bellingen,2448
Thaddus Skuce,tskucelt@typepad.com,New South Wales,Bellingen,2449
Lock Eglington,leglingtonlw@earthlink.net,New South Wales,Bellingen,2450
Elinor Jochen,ejochenm1@msu.edu,New South Wales,Bellingen,2453
Cory Louden,cloudenm6@woothemes.com,New South Wales,Bellingen,2454
Mela Gilhouley,mgilhouleymb@mozilla.com,New South Wales,Bellingen,2455
Ronica Potkin,rpotkin73@state.tx.us,New South Wales,Blacktown,2145
Adelina Cloney,acloney77@slashdot.org,New South Wales,Blacktown,2146
Agosto Georgiev,ageorgiev7a@washington.edu,New South Wales,Blacktown,2147
Fredric De Ortega,fde7d@yahoo.com,New South Wales,Blacktown,2148
Kylie MacGrath,kmacgrath7m@github.com,New South Wales,Blacktown,2153
Dane Dashkov,ddashkov7r@fema.gov,New South Wales,Blacktown,2155
Christye Sunley,csunley8c@multiply.com,New South Wales,Blacktown,2164
Gale Eastcott,geastcott95@sitemeter.com,New South Wales,Blacktown,2175
Saunders Done,sdone9c@mysql.com,New South Wales,Blacktown,2178
Valera McGraith,vmcgraithph@opensource.org,New South Wales,Bombala,2545
Tommi Brickham,tbrickhampq@reuters.com,New South Wales,Bombala,2550
Silva Fonquernie,sfonquernieps@wordpress.org,New South Wales,Bombala,2551
Kaine Clubley,kclubleyrq@cisco.com,New South Wales,Boorowa,2581
Esmaria Mesias,emesias9@gnu.org,New South Wales,Botany Bay,2015
Blinnie Ricson,bricsonby@creativecommons.org,New South Wales,Botany Bay,2015
Modestine Top,mtopob@webs.com,New South Wales,Botany Bay,2015
Terrel Pratchett,tpratchettoc@globo.com,New South Wales,Botany Bay,2015
Konstantin Tidd,ktiddod@goo.gl,New South Wales,Botany Bay,2015
Pennie Simononsky,psimononskyoe@seesaa.net,New South Wales,Botany Bay,2015
Chrysler Jeste,cjesteoi@mozilla.com,New South Wales,Botany Bay,2019
Constance O'Kuddyhy,cokuddyhyoj@angelfire.com,New South Wales,Botany Bay,2019
Biddy Playdon,bplaydonok@deliciousdays.com,New South Wales,Botany Bay,2019
Georgina Zold,gzoldol@google.it,New South Wales,Botany Bay,2033
Bibi Carloni,bcarloniom@angelfire.com,New South Wales,Botany Bay,2044
Butch Flintoff,bflintoffon@narod.ru,New South Wales,Botany Bay,2004
Broddy Widger,bwidgeroo@lulu.com,New South Wales,Botany Bay,2004
Rosabelle Calven,rcalvenop@epa.gov,New South Wales,Botany Bay,2019
Miranda Caine,mcaineot@goo.ne.jp,New South Wales,Botany Bay,2019
Jelene Dizlie,jdizlieov@paypal.com,New South Wales,Botany Bay,2019
Gilbert Wilshaw,gwilshawf@ovh.net,New South Wales,Botany Bay,2018
Mandel Pranger,mprangeri@shinystat.com,New South Wales,Botany Bay,2019
Dosi Bankhurst,dbankhurstk@deviantart.com,New South Wales,Botany Bay,2020
Blondell Kither,bkither1e@etsy.com,New South Wales,Botany Bay,2032
Gunther Mogie,gmogie1g@newsvine.com,New South Wales,Botany Bay,2033
Daffi Marti,dmartioz@gnu.org,New South Wales,Botany Bay,2032
Benji Cruttenden,bcruttendenq7@studiopress.com,New South Wales,Botany Bay,2033
Jerry Kane,jkaner0@ocn.ne.jp,New South Wales,Botany Bay,2033
Madelaine Dressel,mdressel1k@nature.com,New South Wales,Botany Bay,2035
Robbi Julian,rjulian1m@themeforest.net,New South Wales,Botany Bay,2036
Claudius Leyman,cleyman22@angelfire.com,New South Wales,Botany Bay,2044
Melania Demke,mdemke2a@cmu.edu,New South Wales,Burwood,2046
Dame Allabarton,dallabarton62@mozilla.org,New South Wales,Burwood,2132
Charla Kimbly,ckimbly65@prweb.com,New South Wales,Burwood,2133
Steffie Farnall,sfarnall68@gov.uk,New South Wales,Burwood,2134
Lynnea Duffett,lduffett6b@phpbb.com,New South Wales,Burwood,2135
Pattie O'Mara,pomara6f@ocn.ne.jp,New South Wales,Burwood,2136
Darren McGilleghole,dmcgilleghole6i@tinypic.com,New South Wales,Burwood,2137
Rik Inker,rinker9n@angelfire.com,New South Wales,Burwood,2191
Cristal Haxell,chaxell9v@nba.com,New South Wales,Burwood,2194
Eben Heibel,eheibelnj@vistaprint.com,New South Wales,Byron,2478
Jameson Grist,jgristnn@wix.com,New South Wales,Byron,2479
Saleem Stampe,sstampenp@ebay.co.uk,New South Wales,Byron,2480
Alyda Leaman,aleamannv@parallels.com,New South Wales,Byron,2481
Finlay De Bruijne,fdenw@spiegel.de,New South Wales,Byron,2482
Dot Crosdill,dcrosdillnz@bbc.co.uk,New South Wales,Byron,2483
Sergio Hatry,shatryo1@berkeley.edu,New South Wales,Byron,2484
Nikos O'Gormley,nogormley8t@elegantthemes.com,New South Wales,Camden,2171
Margret Daulby,mdaulby9g@washingtonpost.com,New South Wales,Camden,2179
Forester Kettles,fkettlespv@barnesandnoble.com,New South Wales,Camden,2556
Teodoor Ethridge,tethridgepx@accuweather.com,New South Wales,Camden,2557
Davita Summerly,dsummerlyq0@rakuten.co.jp,New South Wales,Camden,2558
Larissa Caraher,lcaraherq2@un.org,New South Wales,Camden,2559
Esma Cremin,ecreminq4@domainmarket.com,New South Wales,Camden,2560
Thacher Wilkerson,twilkersonqc@google.com,New South Wales,Camden,2565
Waring Ashingden,washingdenqf@mozilla.com,New South Wales,Camden,2566
Ebeneser Snookes,esnookesqi@live.com,New South Wales,Camden,2567
Burton Giannoni,bgiannoniqm@globo.com,New South Wales,Camden,2569
Irene Barton,ibartonqp@storify.com,New South Wales,Camden,2570
Charity Dooher,cdooher8l@com.com,New South Wales,Campbelltown,2167
Rheba Espley,respley8q@360.cn,New South Wales,Campbelltown,2170
Benjie Andretti,bandretti8z@about.me,New South Wales,Campbelltown,2173
Cornelle Dalrymple,cdalrymple9h@chronoengine.com,New South Wales,Campbelltown,2179
Shanan MacGorley,smacgorleyof@ovh.net,New South Wales,Campbelltown,2508
Sal Cutcliffe,scutcliffepy@sina.com.cn,New South Wales,Campbelltown,2557
Clem Sidle,csidleq1@photobucket.com,New South Wales,Campbelltown,2558
Valaree MacGilpatrick,vmacgilpatrickq3@mapy.cz,New South Wales,Campbelltown,2559
Web Maraga,wmaragaq5@senate.gov,New South Wales,Campbelltown,2560
Reyna Lynthal,rlynthalq8@si.edu,New South Wales,Campbelltown,2563
Granthem Antonetti,gantonettiqa@de.vu,New South Wales,Campbelltown,2564
Corrinne Smolan,csmolanqd@slashdot.org,New South Wales,Campbelltown,2565
Ronnica Burgot,rburgotqg@walmart.com,New South Wales,Campbelltown,2566
Filip Peaseman,fpeasemanqj@springer.com,New South Wales,Campbelltown,2567
Athene Chung,achungqn@blogspot.com,New South Wales,Campbelltown,2569
Tamar Kleinert,tkleinert27@unc.edu,New South Wales,Canada Bay,2045
Edwina Beneze,ebeneze2b@google.com,New South Wales,Canada Bay,2046
Charlot Blannin,cblannin2c@trellian.com,New South Wales,Canada Bay,2047
Brucie Paulack,bpaulack5q@tmall.com,New South Wales,Canada Bay,2127
Pippy Cattanach,pcattanach5y@imageshack.us,New South Wales,Canada Bay,2131
Normie Patifield,npatifield63@unc.edu,New South Wales,Canada Bay,2132
Gizela Farnfield,gfarnfield69@unc.edu,New South Wales,Canada Bay,2134
Valentin Barfoot,vbarfoot6c@gizmodo.com,New South Wales,Canada Bay,2135
Suzi Adanez,sadanez6j@buzzfeed.com,New South Wales,Canada Bay,2137
Ailene Gwillyam,agwillyam6m@indiatimes.com,New South Wales,Canada Bay,2138
Cletis Grafham,cgrafham6o@live.com,New South Wales,Canada Bay,2139
Daryn Carnier,dcarnier6q@ox.ac.uk,New South Wales,Canada Bay,2140
Tedda Barti,tbarti5z@unicef.org,New South Wales,Canterbury,2131
Zonda Shipway,zshipway66@webs.com,New South Wales,Canterbury,2133
Kyla Ondrak,kondrak6g@i2i.jp,New South Wales,Canterbury,2136
Sheelah Duncklee,sduncklee9l@phoca.cz,New South Wales,Canterbury,2190
Jarvis Leithgoe,jleithgoe9o@yandex.ru,New South Wales,Canterbury,2191
Rochelle Vigneron,rvigneron9q@oakley.com,New South Wales,Canterbury,2192
Daniela Cordes,dcordes9t@quantcast.com,New South Wales,Canterbury,2193
Neel Ebunoluwa,nebunoluwa9w@de.vu,New South Wales,Canterbury,2194
Opaline Janc,ojanc9y@ow.ly,New South Wales,Canterbury,2195
Nessi Hannis,nhannisa1@ovh.net,New South Wales,Canterbury,2196
Claudius Dorgon,cdorgona8@squarespace.com,New South Wales,Canterbury,2200
Lavina Schimmang,lschimmangab@mtv.com,New South Wales,Canterbury,2203
Lethia Quadling,lquadlingad@wikipedia.org,New South Wales,Canterbury,2204
Elsy Tunnow,etunnowag@360.cn,New South Wales,Canterbury,2205
Rodney Scouse,rscouseaj@aol.com,New South Wales,Canterbury,2206
Lenna Brettor,lbrettoram@bbb.org,New South Wales,Canterbury,2207
Kakalina Grelik,kgrelikap@washington.edu,New South Wales,Canterbury,2208
Hanson Gepson,hgepsonas@aol.com,New South Wales,Canterbury,2209
Dottie Chorley,dchorleyav@4shared.com,New South Wales,Canterbury,2210
Valery MacKellen,vmackellenay@flickr.com,New South Wales,Canterbury,2211
Jolee Newborn,jnewbornc2@bandcamp.com,New South Wales,Cessnock,2250
Verene Bywaters,vbywaterscb@dmoz.org,New South Wales,Cessnock,2259
Thedrick Fullilove,tfulliloveck@home.pl,New South Wales,Cessnock,2265
Earl Weatherill,eweatherillcm@indiegogo.com,New South Wales,Cessnock,2278
Brittaney Benzi,bbenzicu@addtoany.com,New South Wales,Cessnock,2286
Edie Eveling,eevelingcw@howstuffworks.com,New South Wales,Cessnock,2287
Ardisj Sharland,asharlanddz@nature.com,New South Wales,Cessnock,2320
Cinderella Rilings,crilingse4@1688.com,New South Wales,Cessnock,2321
Dominik Teodoro,dteodoroea@paginegialle.it,New South Wales,Cessnock,2322
Trula Paike,tpaikeee@feedburner.com,New South Wales,Cessnock,2323
Aldis Peverell,apeverellem@fastcompany.com,New South Wales,Cessnock,2325
Mylo Castangia,mcastangiaet@wordpress.org,New South Wales,Cessnock,2326
Roxanne Stebbins,rstebbinsev@dot.gov,New South Wales,Cessnock,2327
Randy Siemianowicz,rsiemianowiczf5@nsw.gov.au,New South Wales,Cessnock,2330
Eada Pierri,epierrife@t.co,New South Wales,Cessnock,2334
Dita Comettoi,dcomettoifh@seattletimes.com,New South Wales,Cessnock,2335
Fannie Martonfi,fmartonfigt@slate.com,New South Wales,Clarence Valley,2350
Smith Congram,scongrami4@a8.net,New South Wales,Clarence Valley,2365
Casey Matushenko,cmatushenkoic@shop-pro.jp,New South Wales,Clarence Valley,2370
Hillary Aslet,hasletlx@live.com,New South Wales,Clarence Valley,2450
Jolene MacCosto,jmaccostom2@soup.io,New South Wales,Clarence Valley,2453
Dorry Klousner,dklousnerm7@nhs.uk,New South Wales,Clarence Valley,2454
Penni Sparhawk,psparhawkmd@cbsnews.com,New South Wales,Clarence Valley,2456
Stanwood Shadrack,sshadrackmf@storify.com,New South Wales,Clarence Valley,2460
Shirl Romao,sromaomk@wikia.com,New South Wales,Clarence Valley,2462
Anastasia Firmage,afirmageml@icio.us,New South Wales,Clarence Valley,2463
Forrester Shergold,fshergoldmn@bloomberg.com,New South Wales,Clarence Valley,2464
Farr Vasyunichev,fvasyunichevmo@joomla.org,New South Wales,Clarence Valley,2465
Alethea Snelle,asnellemp@reference.com,New South Wales,Clarence Valley,2466
Maximilian Linne,mlinnemq@woothemes.com,New South Wales,Clarence Valley,2469
Ailsun Frewer,afrewern2@domainmarket.com,New South Wales,Clarence Valley,2472
Clevie Pichan,cpichanlc@wired.com,New South Wales,Coffs Harbour,2441
Annette Twinbourne,atwinbournely@surveymonkey.com,New South Wales,Coffs Harbour,2450
Flore Danniel,fdanniellz@usa.gov,New South Wales,Coffs Harbour,2452
Selena Lanning,slanningm3@macromedia.com,New South Wales,Coffs Harbour,2453
Burch Gorini,bgorinim8@de.vu,New South Wales,Coffs Harbour,2454
Cornelius Weeke,cweekeme@cyberchimps.com,New South Wales,Coffs Harbour,2456
Esra Gailor,egailormg@icq.com,New South Wales,Coffs Harbour,2460
Doria Domenichini,ddomenichinipi@de.vu,New South Wales,Cooma-Monaro,2545
Bo Angless,banglesshf@home.pl,New South Wales,Coonamble,2357
Kerrie Kittle,kkittleiy@nsw.gov.au,New South Wales,Coonamble,2388
Giselbert Wilcock,gwilcockjb@mapy.cz,New South Wales,Coonamble,2396
Siward Sprigg,sspriggdn@gnu.org,New South Wales,Dungog,2311
Shayna Dalbey,sdalbeye0@a8.net,New South Wales,Dungog,2320
Arie German,agermane5@soup.io,New South Wales,Dungog,2321
Ansley Mathely,amathelyei@nyu.edu,New South Wales,Dungog,2324
Fletch Kohter,fkohterf6@cbslocal.com,New South Wales,Dungog,2330
Brunhilde Schultes,bschultesfi@woothemes.com,New South Wales,Dungog,2335
Carolina Klimshuk,cklimshukfl@goo.gl,New South Wales,Dungog,2336
Michele Spadaro,mspadarofp@smugmug.com,New South Wales,Dungog,2337
Klarika Renison,krenisonk2@zdnet.com,New South Wales,Dungog,2415
Rachele Vahey,rvaheyk5@weather.com,New South Wales,Dungog,2420
Keenan Sandiland,ksandilandk9@va.gov,New South Wales,Dungog,2421
Martino Latus,mlatuskd@51.la,New South Wales,Dungog,2422
Ravi McIlvaney,rmcilvaneykq@google.nl,New South Wales,Dungog,2425
Dniren Fulcher,dfulcherp7@multiply.com,New South Wales,Eurobodalla,2536
Sancho Campsall,scampsallpa@samsung.com,New South Wales,Eurobodalla,2537
Tonya O'Kielt,tokieltpb@loc.gov,New South Wales,Eurobodalla,2538
Gillie Powlesland,gpowleslandpj@mashable.com,New South Wales,Eurobodalla,2545
Sadella Shwenn,sshwennpm@epa.gov,New South Wales,Eurobodalla,2546
Carling Print,cprint74@nps.gov,New South Wales,Fairfield,2145
Kayla Wiltshire,kwiltshire83@yahoo.co.jp,New South Wales,Fairfield,2161
Mei Sabattier,msabattier88@gov.uk,New South Wales,Fairfield,2162
Coralyn Euesden,ceuesden8b@europa.eu,New South Wales,Fairfield,2163
Ninon Cochran,ncochran8d@dailymotion.com,New South Wales,Fairfield,2164
Jamey Kulis,jkulis8g@bigcartel.com,New South Wales,Fairfield,2165
Frasco Nibloe,fnibloe8j@unc.edu,New South Wales,Fairfield,2166
Thaxter Coulsen,tcoulsen8n@yahoo.co.jp,New South Wales,Fairfield,2168
Barclay Rawdall,brawdall8r@1und1.de,New South Wales,Fairfield,2170
Haskell Follit,hfollit8u@npr.org,New South Wales,Fairfield,2171
Gage Rounds,grounds96@opensource.org,New South Wales,Fairfield,2175
Denyse Luckwell,dluckwell98@cnn.com,New South Wales,Fairfield,2176
Bondy Pariss,bpariss9a@hubpages.com,New South Wales,Fairfield,2177
Jania Foldes,jfoldes9d@wikipedia.org,New South Wales,Fairfield,2178
Garrik Siggery,gsiggerya4@globo.com,New South Wales,Fairfield,2198
Morna De Carlo,mdehg@facebook.com,New South Wales,Gilgandra,2357
Stormi Everett,severettj9@stumbleupon.com,New South Wales,Gilgandra,2395
Michaeline Neilus,mneilusjc@nationalgeographic.com,New South Wales,Gilgandra,2396
Susi Dinesen,sdinesengu@woothemes.com,New South Wales,Glen Innes Severn,2350
Lyndell Osorio,losoriohu@smugmug.com,New South Wales,Glen Innes Severn,2360
Brandy Polle,bpollei0@springer.com,New South Wales,Glen Innes Severn,2361
Lark O'Meara,lomearai5@seesaa.net,New South Wales,Glen Innes Severn,2365
Lindi Skellon,lskellonid@va.gov,New South Wales,Glen Innes Severn,2370
Violette Conville,vconvilleig@jiathis.com,New South Wales,Glen Innes Severn,2371
Dov Martini,dmartiniii@google.cn,New South Wales,Glen Innes Severn,2372
Borg Ochterlonie,bochterloniemh@washington.edu,New South Wales,Glen Innes Severn,2460
Currey Leneve,clenevemr@wufoo.com,New South Wales,Glen Innes Severn,2469
Delmore Christoffe,dchristoffedo@yale.edu,New South Wales,Gloucester,2311
Gar Dorro,gdorrofq@indiegogo.com,New South Wales,Gloucester,2337
Aurelia Cotterell,acotterellfu@pinterest.com,New South Wales,Gloucester,2338
Jody Woodfine,jwoodfineh5@ebay.co.uk,New South Wales,Gloucester,2354
Cole Linnett,clinnettk3@digg.com,New South Wales,Gloucester,2415
Merna Skermer,mskermerk6@unesco.org,New South Wales,Gloucester,2420
Kassi Scudders,kscudderske@deviantart.com,New South Wales,Gloucester,2422
Ozzie Fagence,ofagencekj@washington.edu,New South Wales,Gloucester,2423
Roma Gravie,rgraviekm@shutterfly.com,New South Wales,Gloucester,2424
Nana Weymont,nweymontkw@dmoz.org,New South Wales,Gloucester,2429
Donica Iwanczyk,diwanczyk3l@hugedomains.com,New South Wales,Gosford,2082
Tailor Agerskow,tagerskow3n@live.com,New South Wales,Gosford,2083
Ryun Rainforth,rrainforthc3@salon.com,New South Wales,Gosford,2250
Liza Betjeman,lbetjemanc6@is.gd,New South Wales,Gosford,2251
Leila Naughton,lnaughtonc7@omniture.com,New South Wales,Gosford,2256
Skipper Attril,sattrilc8@europa.eu,New South Wales,Gosford,2257
Holly Dunnan,hdunnanc9@jalbum.net,New South Wales,Gosford,2258
Kayne Coaker,kcoakercd@wikipedia.org,New South Wales,Gosford,2260
Maury Twiddle,mtwiddlecf@answers.com,New South Wales,Gosford,2261
Leanor Giveen,lgiveenen@columbia.edu,New South Wales,Gosford,2325
Rodger Abramson,rabramsonr7@hibu.com,New South Wales,Goulburn Mulwaree,2577
Reiko Greeno,rgreenore@unesco.org,New South Wales,Goulburn Mulwaree,2579
Lonny Leggott,lleggottri@mediafire.com,New South Wales,Goulburn Mulwaree,2580
Lesly Burlingham,lburlinghamds@nps.gov,New South Wales,Great Lakes,2312
Bren Orwell,borwelle6@wunderground.com,New South Wales,Great Lakes,2321
Rochella Phelips,rphelipsej@google.com.br,New South Wales,Great Lakes,2324
Rois Harbar,rharbark4@wikispaces.com,New South Wales,Great Lakes,2415
Blinni Martello,bmartellok7@deviantart.com,New South Wales,Great Lakes,2420
Erinna Bush,ebushkg@whitehouse.gov,New South Wales,Great Lakes,2422
Nate Berthe,nberthekl@bloglines.com,New South Wales,Great Lakes,2423
Faber Elnough,felnoughkr@uol.com.br,New South Wales,Great Lakes,2425
Ranna Lune,rlunekv@toplist.cz,New South Wales,Great Lakes,2428
Eirena Logie,elogieky@google.it,New South Wales,Great Lakes,2429
Witty Stocky,wstockyl1@imdb.com,New South Wales,Great Lakes,2430
Sunny Reckless,srecklessdr@ed.gov,New South Wales,Greater Taree,2312
Brear Douthwaite,bdouthwaiteh6@imageshack.us,New South Wales,Greater Taree,2354
Sasha Macbane,smacbanekf@discuz.net,New South Wales,Greater Taree,2422
Quintin Izsak,qizsakkk@arstechnica.com,New South Wales,Greater Taree,2423
Hailey Loins,hloinskn@rediff.com,New South Wales,Greater Taree,2424
Lynnell McFee,lmcfeeks@prlog.org,New South Wales,Greater Taree,2426
Tedi O'Reilly,toreillykt@hostgator.com,New South Wales,Greater Taree,2427
Cesaro Atack,catackku@wisc.edu,New South Wales,Greater Taree,2428
Carmelle Livingston,clivingstonkx@addtoany.com,New South Wales,Greater Taree,2429
Toni Beynke,tbeynkel0@comcast.net,New South Wales,Greater Taree,2430
Marcille Nickels,mnickelsl4@linkedin.com,New South Wales,Greater Taree,2439
Dierdre Hancell,dhancelllg@drupal.org,New South Wales,Greater Taree,2443
Nelli Timms,ntimmsll@alexa.com,New South Wales,Greater Taree,2446
Dodie Bousfield,dbousfieldg1@eepurl.com,New South Wales,Gunnedah,2340
Analiese Nettle,anettleg5@bandcamp.com,New South Wales,Gunnedah,2341
Abram Labbati,alabbatig8@seattletimes.com,New South Wales,Gunnedah,2342
Darius McGillacoell,dmcgillacoellgb@unicef.org,New South Wales,Gunnedah,2343
Con Tregenza,ctregenzagf@cyberchimps.com,New South Wales,Gunnedah,2344
Roseanne Rawlence,rrawlencegj@elegantthemes.com,New South Wales,Gunnedah,2346
Debi Kalkofer,dkalkoferhh@wisc.edu,New South Wales,Gunnedah,2357
Ruperta Baily,rbailyim@drupal.org,New South Wales,Gunnedah,2380
Ronna Mirams,rmiramsiq@reference.com,New South Wales,Gunnedah,2381
Wylma Gainfort,wgainfortiu@mediafire.com,New South Wales,Gunnedah,2382
Esra Kirton,ekirtoniz@blogspot.com,New South Wales,Gunnedah,2388
Pam Bloomer,pbloomerj4@fastcompany.com,New South Wales,Gunnedah,2390
Serena Ommanney,sommanneygv@cnbc.com,New South Wales,Guyra,2350
Gretel Rendbaek,grendbaekhm@ebay.com,New South Wales,Guyra,2358
Katrina Yantsev,kyantsevhq@alexa.com,New South Wales,Guyra,2359
Ingunna Bowmer,ibowmerhv@edublogs.org,New South Wales,Guyra,2360
Ashli McNutt,amcnutti6@webs.com,New South Wales,Guyra,2365
Ursula Skeats,uskeatsi8@marriott.com,New South Wales,Guyra,2369
Trude Zumbusch,tzumbuschm4@woothemes.com,New South Wales,Guyra,2453
Pernell Derkes,pderkesmi@indiatimes.com,New South Wales,Guyra,2460
Sam Snelling,ssnellinggm@forbes.com,New South Wales,Gwydir,2347
Ingamar Parsall,iparsallhr@domainmarket.com,New South Wales,Gwydir,2359
Hort Strotone,hstrotonehw@amazon.com,New South Wales,Gwydir,2360
Verge Ryce,vrycei9@ning.com,New South Wales,Gwydir,2369
Hermann Liddy,hliddyj5@webmd.com,New South Wales,Gwydir,2390
Tris Zimmer,tzimmerjh@slate.com,New South Wales,Gwydir,2399
Pepe Goldin,pgoldinjj@cmu.edu,New South Wales,Gwydir,2400
Cullan Crombie,ccrombiejm@newsvine.com,New South Wales,Gwydir,2401
Justinian Squeers,jsqueersjn@feedburner.com,New South Wales,Gwydir,2402
Aloysia Dawltrey,adawltreyjp@dot.gov,New South Wales,Gwydir,2403
Carson Dellenbrook,cdellenbrookjr@exblog.jp,New South Wales,Gwydir,2404
Sandie Bucksey,sbuckseyjv@cdbaby.com,New South Wales,Gwydir,2408
Carly Meere,cmeerejx@oakley.com,New South Wales,Gwydir,2409
Tab Waterhowse,twaterhowsejz@latimes.com,New South Wales,Gwydir,2410
Junia Spellworth,jspellworthc4@weebly.com,New South Wales,Hawkesbury,2250
Vivie McEvon,vmcevoneo@archive.org,New South Wales,Hawkesbury,2325
Garald Scowcroft,gscowcroftf7@msn.com,New South Wales,Hawkesbury,2330
Freemon MacNulty,fmacnulty6w@mashable.com,New South Wales,Holroyd,2142
Chen Revill,crevill75@uol.com.br,New South Wales,Holroyd,2145
Opal Blogg,oblogg78@imgur.com,New South Wales,Holroyd,2146
Gisella Colegrove,gcolegrove7e@acquirethisname.com,New South Wales,Holroyd,2148
Stacee Sweetland,ssweetland7f@cdc.gov,New South Wales,Holroyd,2150
Eileen Hallgalley,ehallgalley80@go.com,New South Wales,Holroyd,2160
Milty Prentice,mprentice84@squidoo.com,New South Wales,Holroyd,2161
Aggy Fontes,afontes8e@alibaba.com,New South Wales,Holroyd,2164
Daniele Syplus,dsyplus8h@biblegateway.com,New South Wales,Holroyd,2165
Keelia Fierro,kfierro3c@cbc.ca,New South Wales,Hornsby,2074
Langston Wroth,lwroth3g@sakura.ne.jp,New South Wales,Hornsby,2076
Sayer Alsobrook,salsobrook3h@howstuffworks.com,New South Wales,Hornsby,2077
Elijah Hosten,ehosten3i@rambler.ru,New South Wales,Hornsby,2079
Tonya Gallemore,tgallemore3j@fotki.com,New South Wales,Hornsby,2080
Menard Entres,mentres3k@economist.com,New South Wales,Hornsby,2081
Annalee Draayer,adraayer3m@ehow.com,New South Wales,Hornsby,2082
Teddy Hanshawe,thanshawe3o@biblegateway.com,New South Wales,Hornsby,2083
Melitta Fernehough,mfernehough56@reddit.com,New South Wales,Hornsby,2118
Christophe Bannon,cbannon59@narod.ru,New South Wales,Hornsby,2119
Thornton Stoker,tstoker5b@sina.com.cn,New South Wales,Hornsby,2120
Loralee Krikorian,lkrikorian5d@boston.com,New South Wales,Hornsby,2121
Dalenna Fasey,dfasey5h@bigcartel.com,New South Wales,Hornsby,2122
Gradeigh Fleming,gfleming5l@wikimedia.org,New South Wales,Hornsby,2125
Boot Glen,bglen5n@washingtonpost.com,New South Wales,Hornsby,2126
Emyle Sherebrook,esherebrook7p@biglobe.ne.jp,New South Wales,Hornsby,2154
Maddie Franzewitch,mfranzewitch7t@mit.edu,New South Wales,Hornsby,2156
Mayne Jardin,mjardin7v@ebay.com,New South Wales,Hornsby,2157
Lilah Leverett,lleverett7x@ycombinator.com,New South Wales,Hornsby,2158
Filip Artrick,fartrick7z@cdc.gov,New South Wales,Hornsby,2159
Granger Parnaby,gparnaby4p@deliciousdays.com,New South Wales,Hunters Hill,2110
Sasha Devenport,sdevenport4r@studiopress.com,New South Wales,Hunters Hill,2111
Brita Aplin,baplin4u@sfgate.com,New South Wales,Hunters Hill,2113
Ludvig Harmes,lharmesan@usnews.com,New South Wales,Hurstville,2207
Mae Tofts,mtoftsaq@army.mil,New South Wales,Hurstville,2208
Lucio Shortan,lshortanat@alexa.com,New South Wales,Hurstville,2209
Robin Mewrcik,rmewrcikaw@odnoklassniki.ru,New South Wales,Hurstville,2210
Barth Gull,bgullb9@ow.ly,New South Wales,Hurstville,2218
Andie Minihane,aminihanebe@home.pl,New South Wales,Hurstville,2220
Urbanus MacLaren,umaclarenbj@mysql.com,New South Wales,Hurstville,2222
Lynsey Robilliard,lrobilliardbl@icq.com,New South Wales,Hurstville,2223
Sancho Douch,sdouchhx@freewebs.com,New South Wales,Inverell,2360
Kort Denver,kdenveri1@fda.gov,New South Wales,Inverell,2361
Solly Speller,sspelleri7@yolasite.com,New South Wales,Inverell,2365
Rosamond Raffon,rraffonia@webs.com,New South Wales,Inverell,2369
Cristin Vannoni,cvannoniie@jalbum.net,New South Wales,Inverell,2370
Tull Conduit,tconduitij@mail.ru,New South Wales,Inverell,2372
Chelsea Eseler,ceselerjo@ovh.net,New South Wales,Inverell,2402
Pen Gromley,pgromleyjq@wikimedia.org,New South Wales,Inverell,2403
Gasparo Webling,gweblingjs@globo.com,New South Wales,Inverell,2404
Brett Micklewright,bmicklewrightjw@creativecommons.org,New South Wales,Inverell,2408
Atalanta Gladstone,agladstonejy@washington.edu,New South Wales,Inverell,2409
Lamont Steele,lsteelek0@artisteer.com,New South Wales,Inverell,2410
Lorenza Gaize,lgaizegw@domainmarket.com,New South Wales,Kempsey,2350
Weider Olliffe,wolliffeh7@jalbum.net,New South Wales,Kempsey,2354
Jeremie Reina,jreinal3@businessinsider.com,New South Wales,Kempsey,2431
Mag Reichhardt,mreichhardtl7@about.com,New South Wales,Kempsey,2440
Nissy Granger,ngrangerld@yelp.com,New South Wales,Kempsey,2441
Gabby Malsher,gmalsherli@cnet.com,New South Wales,Kempsey,2444
Allie Gallen,agallenlm@tinyurl.com,New South Wales,Kempsey,2446
Nathanil Beetham,nbeethamlp@purevolume.com,New South Wales,Kempsey,2447
Remus Tabbernor,rtabbernorlu@netvibes.com,New South Wales,Kempsey,2449
Stevana Tirrey,stirreym9@wikipedia.org,New South Wales,Kempsey,2454
Dodi Burdge,dburdgeoq@patch.com,New South Wales,Kiama,2527
Flory Rolston,frolstonow@blogs.com,New South Wales,Kiama,2529
Tabatha Ilyuchyov,tilyuchyovp0@amazon.co.uk,New South Wales,Kiama,2533
Putnam Cromly,pcromlyp3@jugem.jp,New South Wales,Kiama,2534
Philip Scneider,pscneiderp5@163.com,New South Wales,Kiama,2535
Jessalin Kolyagin,jkolyaginr8@ftc.gov,New South Wales,Kiama,2577
Travis Nineham,tninehamb5@unblog.fr,New South Wales,Kogarah,2216
Marcela Bodker,mbodkerb7@cargocollective.com,New South Wales,Kogarah,2217
Drucy Mogridge,dmogridgeba@gizmodo.com,New South Wales,Kogarah,2218
West Brose,wbrosebc@sina.com.cn,New South Wales,Kogarah,2219
Lucinda Deely,ldeelybf@telegraph.co.uk,New South Wales,Kogarah,2220
Christoffer Bachanski,cbachanskibh@virginia.edu,New South Wales,Kogarah,2221
Maisey Pole,mpolebk@prnewswire.com,New South Wales,Kogarah,2222
Carena Muzzi,cmuzzibm@about.me,New South Wales,Kogarah,2223
Gar Bardell,gbardellbn@huffingtonpost.com,New South Wales,Kogarah,2224
Clerissa Jessard,cjessard3t@mysql.com,New South Wales,Ku-ring-gai,2087
Bondy Menilove,bmenilove4v@ucoz.com,New South Wales,Ku-ring-gai,2113
Cosmo Chowne,cchowne5c@wikipedia.org,New South Wales,Ku-ring-gai,2120
Janos Ingerman,jingerman5e@arizona.edu,New South Wales,Ku-ring-gai,2121
Mommy Havile,mhavile5i@stanford.edu,New South Wales,Ku-ring-gai,2122
Skippy Bolwell,sbolwellik@goodreads.com,New South Wales,Kyogle,2372
Corabel Birmingham,cbirminghamms@narod.ru,New South Wales,Kyogle,2469
Dorrie Zealy,dzealymv@nih.gov,New South Wales,Kyogle,2470
Duncan Clewett,dclewettn7@shareasale.com,New South Wales,Kyogle,2474
Salomi Espasa,sespasanb@theglobeandmail.com,New South Wales,Kyogle,2475
Northrup Muggach,nmuggachnd@ifeng.com,New South Wales,Kyogle,2476
Eb McGavigan,emcgavigannq@myspace.com,New South Wales,Kyogle,2480
Belinda Jack,bjacko2@cbsnews.com,New South Wales,Kyogle,2484
Alta Killelay,akillelaycn@ucla.edu,New South Wales,Lake Macquarie,2281
Karina Menichino,kmenichinocp@stanford.edu,New South Wales,Lake Macquarie,2282
Fowler Jerzak,fjerzakcq@arizona.edu,New South Wales,Lake Macquarie,2283
Berny Krout,bkroutcr@marketwatch.com,New South Wales,Lake Macquarie,2284
Gilberto Coverly,gcoverlycs@harvard.edu,New South Wales,Lake Macquarie,2285
Garth Sant,gsantcv@wikimedia.org,New South Wales,Lake Macquarie,2286
Husain Gristhwaite,hgristhwaitecx@gnu.org,New South Wales,Lake Macquarie,2287
Dewie Lasselle,dlassellecz@cisco.com,New South Wales,Lake Macquarie,2289
Caresse Ollie,collied1@nps.gov,New South Wales,Lake Macquarie,2290
Gunar Bellas,gbellasd3@sakura.ne.jp,New South Wales,Lake Macquarie,2291
Elfrieda Savine,esavinedi@google.de,New South Wales,Lake Macquarie,2305
Mariam Halsted,mhalsteddk@canalblog.com,New South Wales,Lake Macquarie,2306
Irita Dennes,idennesef@istockphoto.com,New South Wales,Lake Macquarie,2323
Baxy Burry,bburryep@cafepress.com,New South Wales,Lake Macquarie,2325
Iggy Ianinotti,iianinotti2s@nymag.com,New South Wales,Lane Cove,2064
Drusie Biggs,dbiggs2u@huffingtonpost.com,New South Wales,Lane Cove,2065
Kris Stevenson,kstevenson2x@examiner.com,New South Wales,Lane Cove,2066
Jeramey Armitt,jarmitt30@sogou.com,New South Wales,Lane Cove,2067
Guthry Scyone,gscyone1o@hubpages.com,New South Wales,Leichhardt,2037
Nelson Pattie,npattie1q@woothemes.com,New South Wales,Leichhardt,2038
Rossy Guerri,rguerri1t@plala.or.jp,New South Wales,Leichhardt,2039
Tarrah Bradd,tbradd1v@seattletimes.com,New South Wales,Leichhardt,2040
Adolphe Smallridge,asmallridge1x@cnet.com,New South Wales,Leichhardt,2041
Philomena Corsar,pcorsar28@yelp.com,New South Wales,Leichhardt,2045
Agatha Inold,ainold2d@ameblo.jp,New South Wales,Leichhardt,2048
Korney Dupey,kdupey2g@statcounter.com,New South Wales,Leichhardt,2049
Inigo Lydiate,ilydiate2i@usnews.com,New South Wales,Leichhardt,2050
Dorena Rosenzwig,drosenzwigmw@mashable.com,New South Wales,Lismore,2470
Nani Willmer,nwillmermz@pbs.org,New South Wales,Lismore,2471
Issiah Greatland,igreatlandn3@sciencedaily.com,New South Wales,Lismore,2472
Flint Riha,frihan5@a8.net,New South Wales,Lismore,2473
Carlin Plastow,cplastown8@youku.com,New South Wales,Lismore,2474
Rab Thoms,rthomsng@forbes.com,New South Wales,Lismore,2477
Heath Cowcha,hcowchank@cbslocal.com,New South Wales,Lismore,2478
Laurella Reimer,lreimernr@harvard.edu,New South Wales,Lismore,2480
Gus Korous,gkorousnx@answers.com,New South Wales,Lismore,2482
Maegan Everwin,meverwino3@ezinearticles.com,New South Wales,Lismore,2484
Jorrie Dey,jdey8k@networksolutions.com,New South Wales,Liverpool,2166
Gavra Pithcock,gpithcock8m@cbc.ca,New South Wales,Liverpool,2167
Fulvia Caswell,fcaswell8o@baidu.com,New South Wales,Liverpool,2168
Lucius Petzold,lpetzold8s@newyorker.com,New South Wales,Liverpool,2170
Flor Jorry,fjorry8v@java.com,New South Wales,Liverpool,2171
Dory Tidy,dtidy8x@youku.com,New South Wales,Liverpool,2172
Michelina Schubart,mschubart90@github.com,New South Wales,Liverpool,2173
Danny Solon,dsolon94@cocolog-nifty.com,New South Wales,Liverpool,2174
Stace Davidde,sdavidde99@1und1.de,New South Wales,Liverpool,2176
Inglis Aizlewood,iaizlewood9b@chicagotribune.com,New South Wales,Liverpool,2177
Ruthi Housecraft,rhousecraft9e@discuz.net,New South Wales,Liverpool,2178
Garreth Shemwell,gshemwell9i@simplemachines.org,New South Wales,Liverpool,2179
Husain Dakhno,hdakhnoa5@squarespace.com,New South Wales,Liverpool,2198
Adelbert Sabey,asabeya9@blogger.com,New South Wales,Liverpool,2200
Simmonds O'Dwyer,sodwyerb1@360.cn,New South Wales,Liverpool,2213
Kissiah Dallmann,kdallmannb4@weibo.com,New South Wales,Liverpool,2214
Jammie Castille,jcastillec0@bing.com,New South Wales,Liverpool,2234
Ev Troucher,etroucherpt@weather.com,New South Wales,Liverpool,2555
Allx Malecky,amaleckypw@ucoz.ru,New South Wales,Liverpool,2556
Neilla Lathleiff,nlathleiffpz@forbes.com,New South Wales,Liverpool,2557
Marion Kliemann,mkliemannqb@moonfruit.com,New South Wales,Liverpool,2564
Ilysa Sliney,islineyqe@lulu.com,New South Wales,Liverpool,2565
Elyn Saffon,esaffonqh@skyrock.com,New South Wales,Liverpool,2566
Angelia Rollinshaw,arollinshawqq@ibm.com,New South Wales,Liverpool,2570
Carma Whife,cwhifef0@pagesperso-orange.fr,New South Wales,Liverpool Plains,2329
Joice Briance,jbriancefr@parallels.com,New South Wales,Liverpool Plains,2337
Nancy Dangl,ndanglfv@icq.com,New South Wales,Liverpool Plains,2338
Electra Antonias,eantoniasfz@sourceforge.net,New South Wales,Liverpool Plains,2339
Roland McGeown,rmcgeowng2@msu.edu,New South Wales,Liverpool Plains,2340
Teena Lott,tlottg6@elegantthemes.com,New South Wales,Liverpool Plains,2341
Clarabelle Ellerington,celleringtong9@ebay.co.uk,New South Wales,Liverpool Plains,2342
Annnora Lovick,alovickgc@google.com,New South Wales,Liverpool Plains,2343
Brok Jurisch,bjurischgg@alibaba.com,New South Wales,Liverpool Plains,2344
Andrei Stoke,astokehi@howstuffworks.com,New South Wales,Liverpool Plains,2357
Ethe Donet,edonetir@quantcast.com,New South Wales,Liverpool Plains,2381
Phelia Sanderson,psandersone1@miibeian.gov.cn,New South Wales,Maitland,2320
Tomas Sime,tsimee7@washingtonpost.com,New South Wales,Maitland,2321
Cordie Perin,cperineb@newyorker.com,New South Wales,Maitland,2322
Moishe Fricke,mfrickeeg@ycombinator.com,New South Wales,Maitland,2323
Broddie Gover,bgoverek@issuu.com,New South Wales,Maitland,2324
Fin Cheesworth,fcheeswortheq@deliciousdays.com,New South Wales,Maitland,2325
Sofie Giotto,sgiottoeu@nyu.edu,New South Wales,Maitland,2326
Sabina Couche,scoucheff@indiatimes.com,New South Wales,Maitland,2334
Jillayne Seiler,jseilerfj@skyrock.com,New South Wales,Maitland,2335
Rubia St Ange,rstka@list-manage.com,New South Wales,Maitland,2421
Tommi Buncombe,tbuncombe3u@linkedin.com,New South Wales,Manly,2087
Maighdiln Fitton,mfitton41@github.io,New South Wales,Manly,2092
Glenna Hrycek,ghrycek43@g.co,New South Wales,Manly,2093
Corty Klyner,cklyner45@bloomberg.com,New South Wales,Manly,2094
Gustav Bulward,gbulward46@disqus.com,New South Wales,Manly,2095
Julius Howson,jhowson48@nationalgeographic.com,New South Wales,Manly,2096
Rusty Ashforth,rashforth4c@ted.com,New South Wales,Manly,2100
Guenevere FitzAlan,gfitzalana@shinystat.com,New South Wales,Marrickville,2015
Bard Twyford,btwyfordl@tripod.com,New South Wales,Marrickville,2020
Stirling Kornas,skornas1r@php.net,New South Wales,Marrickville,2038
Dee dee Rookeby,ddee1w@stumbleupon.com,New South Wales,Marrickville,2040
Melicent Buske,mbuske1y@pbs.org,New South Wales,Marrickville,2042
Annelise Toghill,atoghill20@tinyurl.com,New South Wales,Marrickville,2043
Rodd Boother,rboother23@over-blog.com,New South Wales,Marrickville,2044
Brantley Tommaseo,btommaseo2e@1und1.de,New South Wales,Marrickville,2048
Lulu Skeldinge,lskeldinge2h@chron.com,New South Wales,Marrickville,2049
Maryanna Ratazzi,mratazzi2j@nhs.uk,New South Wales,Marrickville,2050
Marquita Rohloff,mrohloff5w@dagondesign.com,New South Wales,Marrickville,2130
Pat Baskerville,pbaskerville60@yellowpages.com,New South Wales,Marrickville,2131
Jessie Farthing,jfarthing9u@cbc.ca,New South Wales,Marrickville,2193
Sallyann Tales,stalesac@indiegogo.com,New South Wales,Marrickville,2203
Margaretta Medgwick,mmedgwickae@amazon.co.jp,New South Wales,Marrickville,2204
Elmira Powder,epowderah@spiegel.de,New South Wales,Marrickville,2205
Gail Richemont,grichemontak@wikimedia.org,New South Wales,Marrickville,2206
Jackelyn Jeanin,jjeaninew@imageshack.us,New South Wales,Mid-Western Regional,2328
Winne Vasyukov,wvasyukovf1@bizjournals.com,New South Wales,Mid-Western Regional,2329
Merrielle McKeachie,mmckeachiegn@springer.com,New South Wales,Moree Plains,2347
Hillier Lavies,hlaviesj0@cornell.edu,New South Wales,Moree Plains,2388
Flossi Larratt,flarrattj6@1688.com,New South Wales,Moree Plains,2390
Sarajane Curston,scurstonjf@csmonitor.com,New South Wales,Moree Plains,2397
Cornela Beveridge,cbeveridgek1@nhs.uk,New South Wales,Moree Plains,2410
Kelley Lusgdin,klusgdin3w@artisteer.com,New South Wales,Mosman,2088
Renell Bowstead,rbowstead3z@wisc.edu,New South Wales,Mosman,2090
Angil Calender,acalenderex@mediafire.com,New South Wales,Muswellbrook,2328
Carly Garlee,cgarleef2@ft.com,New South Wales,Muswellbrook,2329
Ferdinande Dartan,fdartanf8@moonfruit.com,New South Wales,Muswellbrook,2330
Vin Beacom,vbeacomfb@indiegogo.com,New South Wales,Muswellbrook,2333
Guntar Ridwood,gridwoodfm@springer.com,New South Wales,Muswellbrook,2336
Minette Shercliff,msherclifffs@webmd.com,New South Wales,Muswellbrook,2337
Ethelind Murphy,emurphygx@ox.ac.uk,New South Wales,Nambucca,2350
Darin Fawthrop,dfawthropl8@patch.com,New South Wales,Nambucca,2440
Griffith Goldsbury,ggoldsburyle@apple.com,New South Wales,Nambucca,2441
James Meeron,jmeeronlq@twitpic.com,New South Wales,Nambucca,2447
Milissent Spencers,mspencersls@epa.gov,New South Wales,Nambucca,2448
Adelice Humbie,ahumbielv@netlog.com,New South Wales,Nambucca,2449
Ferd Strippling,fstripplingma@flickr.com,New South Wales,Nambucca,2454
Thane McCadden,tmccaddenmc@admin.ch,New South Wales,Nambucca,2455
Gonzalo Paddemore,gpaddemoregk@cdbaby.com,New South Wales,Narrabri,2346
Ethelyn Kisby,ekisbygo@npr.org,New South Wales,Narrabri,2347
Phillipe Emanulsson,pemanulssonhj@quantcast.com,New South Wales,Narrabri,2357
Harli Crepin,hcrepinin@photobucket.com,New South Wales,Narrabri,2380
Modestia Robey,mrobeyiv@nbcnews.com,New South Wales,Narrabri,2382
Gray Argent,gargentiw@moonfruit.com,New South Wales,Narrabri,2386
Ches Stredder,cstredderj1@unc.edu,New South Wales,Narrabri,2388
Coretta McConway,cmcconwayj7@flavors.me,New South Wales,Narrabri,2390
Neely Staff,nstaffjd@springer.com,New South Wales,Narrabri,2396
Elliot Ferens,eferensjg@instagram.com,New South Wales,Narrabri,2397
Madalena Sowley,msowleyji@mysql.com,New South Wales,Narrabri,2399
Nicky Silberschatz,nsilberschatzjk@loc.gov,New South Wales,Narrabri,2400
Eadith Orteau,eorteauct@shutterfly.com,New South Wales,Newcastle,2285
De Thyer,dthyercy@cbslocal.com,New South Wales,Newcastle,2287
Ruperto O'Gaven,rogavend0@theguardian.com,New South Wales,Newcastle,2289
Mallory Spur,mspurd2@skyrock.com,New South Wales,Newcastle,2290
Lennie Jasper,ljasperd4@apple.com,New South Wales,Newcastle,2291
Cointon Asgodby,casgodbyd5@etsy.com,New South Wales,Newcastle,2292
Pattin Gibbe,pgibbed6@pagesperso-orange.fr,New South Wales,Newcastle,2293
Hildy Boole,hbooled7@usa.gov,New South Wales,Newcastle,2294
Amandy Magenny,amagennyd8@tiny.cc,New South Wales,Newcastle,2295
Dalia Trussman,dtrussmanda@oakley.com,New South Wales,Newcastle,2296
Sibylla Douglas,sdouglasdb@cnet.com,New South Wales,Newcastle,2297
Barby Hakey,bhakeydc@so-net.ne.jp,New South Wales,Newcastle,2298
Shandeigh Calleja,scallejadd@sogou.com,New South Wales,Newcastle,2299
Herold Ruprecht,hruprechtde@ow.ly,New South Wales,Newcastle,2300
Xavier Beveridge,xbeveridgedf@japanpost.jp,New South Wales,Newcastle,2302
Kathrine Pessolt,kpessoltdg@engadget.com,New South Wales,Newcastle,2303
Margit Schober,mschoberdh@webmd.com,New South Wales,Newcastle,2304
Debee Lumsdaine,dlumsdainedj@umn.edu,New South Wales,Newcastle,2305
Chet Lyngsted,clyngsteddl@homestead.com,New South Wales,Newcastle,2307
Cecelia Ould,coulddm@bluehost.com,New South Wales,Newcastle,2308
Geoffrey Gilhool,ggilhoolec@t-online.de,New South Wales,Newcastle,2322
Augustina Stollenhof,astollenhofeh@yale.edu,New South Wales,Newcastle,2323
Avery Bolver,abolver2m@deviantart.com,New South Wales,North Sydney,2060
Roarke Scheu,rscheu2n@imgur.com,New South Wales,North Sydney,2061
Alexio Dilleway,adilleway2o@nytimes.com,New South Wales,North Sydney,2062
Marne Lunam,mlunam2q@si.edu,New South Wales,North Sydney,2063
Florella Orr,forr2v@usnews.com,New South Wales,North Sydney,2065
Aundrea Kettlestringe,akettlestringe3x@miitbeian.gov.cn,New South Wales,North Sydney,2088
Lian Ensor,lensor3y@google.cn,New South Wales,North Sydney,2089
Shadow Seale,sseale40@state.gov,New South Wales,North Sydney,2090
Francoise Selly,fsellyrj@wikia.com,New South Wales,Oberon,2580
Janice O'Crowley,jocrowleyp8@issuu.com,New South Wales,Palerang,2536
Tiena Serchwell,tserchwellpk@businesswire.com,New South Wales,Palerang,2545
Bessie Steart,bsteartrk@addtoany.com,New South Wales,Palerang,2580
Cornelle Lunk,clunk4y@msu.edu,New South Wales,Parramatta,2114
Melva Roo,mroo50@chronoengine.com,New South Wales,Parramatta,2115
Colby Styant,cstyant52@xrea.com,New South Wales,Parramatta,2116
Kathleen Limeburner,klimeburner53@webnode.com,New South Wales,Parramatta,2117
Benedetto Ilyin,bilyin57@google.com.br,New South Wales,Parramatta,2118
Yvonne Greenhall,ygreenhall5f@geocities.jp,New South Wales,Parramatta,2121
Rena Hattoe,rhattoe5j@prweb.com,New South Wales,Parramatta,2122
Ettie Fermer,efermer5t@shutterfly.com,New South Wales,Parramatta,2128
Adoree Wellings,awellings6x@theguardian.com,New South Wales,Parramatta,2142
Kirsteni Hainge,khainge72@pbs.org,New South Wales,Parramatta,2144
Marcelia Follows,mfollows76@comcast.net,New South Wales,Parramatta,2145
Sullivan Scurman,sscurman79@wiley.com,New South Wales,Parramatta,2146
Astrix Gagan,agagan7b@meetup.com,New South Wales,Parramatta,2147
Sisile Eriksson,seriksson7g@mediafire.com,New South Wales,Parramatta,2150
Ariel Draper,adraper7i@oaic.gov.au,New South Wales,Parramatta,2151
Barney Kelshaw,bkelshaw7k@netlog.com,New South Wales,Parramatta,2152
Constantine Furzer,cfurzer7n@google.com.br,New South Wales,Parramatta,2153
Worden Nuccii,wnuccii81@hostgator.com,New South Wales,Parramatta,2160
Halimeda Mabone,hmabone85@newyorker.com,New South Wales,Parramatta,2161
Inesita Lockton,ilockton89@examiner.com,New South Wales,Parramatta,2162
Willabella Bindon,wbindon97@wisc.edu,New South Wales,Penrith,2175
Rubetta Whitelock,rwhitelock9f@discuz.net,New South Wales,Penrith,2178
Fenelia Sedgmond,fsedgmondpu@geocities.com,New South Wales,Penrith,2555
Arlee Predohl,apredohl3p@omniture.com,New South Wales,Pittwater,2084
Julianna Roggero,jroggero4e@technorati.com,New South Wales,Pittwater,2101
Ric Pigott,rpigott4g@bravesites.com,New South Wales,Pittwater,2102
Alina Birks,abirks4h@alexa.com,New South Wales,Pittwater,2103
Ursuline Kitman,ukitman4i@marketwatch.com,New South Wales,Pittwater,2104
Millisent Cottem,mcottem4j@theguardian.com,New South Wales,Pittwater,2105
Daveta Orable,dorable4k@constantcontact.com,New South Wales,Pittwater,2106
Jess Cumbes,jcumbes4l@cloudflare.com,New South Wales,Pittwater,2107
Dukie Piecha,dpiecha4m@arstechnica.com,New South Wales,Pittwater,2108
Lou Rivett,lrivetth8@nationalgeographic.com,New South Wales,Port Macquarie-Hastings,2354
Errick Larkin,elarkinko@hatena.ne.jp,New South Wales,Port Macquarie-Hastings,2424
Lyndell Boggs,lboggskz@goo.ne.jp,New South Wales,Port Macquarie-Hastings,2429
Broderic Reasun,breasunl2@multiply.com,New South Wales,Port Macquarie-Hastings,2430
Rodd Yakuntzov,ryakuntzovl5@people.com.cn,New South Wales,Port Macquarie-Hastings,2439
Titos Eannetta,teannettal9@ed.gov,New South Wales,Port Macquarie-Hastings,2440
Celle Ciccarello,cciccarellolf@twitpic.com,New South Wales,Port Macquarie-Hastings,2441
Melony Dufall,mdufalllh@usgs.gov,New South Wales,Port Macquarie-Hastings,2443
Cristin Dzeniskevich,cdzeniskevichlj@edublogs.org,New South Wales,Port Macquarie-Hastings,2444
Angie Hans,ahanslk@unicef.org,New South Wales,Port Macquarie-Hastings,2445
Pauli Dutnall,pdutnallln@oakley.com,New South Wales,Port Macquarie-Hastings,2446
Emogene Lonnon,elonnond9@paginegialle.it,New South Wales,Port Stephens,2295
Laney Beernaert,lbeernaertdt@mediafire.com,New South Wales,Port Stephens,2314
Fabiano aManger,famangerdu@godaddy.com,New South Wales,Port Stephens,2315
Stafani Tellenbroker,stellenbrokerdv@wix.com,New South Wales,Port Stephens,2316
Maryanne Flips,mflipsdw@wikia.com,New South Wales,Port Stephens,2317
Irving Yourell,iyourelldx@java.com,New South Wales,Port Stephens,2318
Wrennie Forbes,wforbesdy@vinaora.com,New South Wales,Port Stephens,2319
Kalila Klassmann,kklassmanne2@alexa.com,New South Wales,Port Stephens,2320
Denyse Cobden,dcobdene8@blogspot.com,New South Wales,Port Stephens,2321
Wally Drinkeld,wdrinkelded@so-net.ne.jp,New South Wales,Port Stephens,2322
Jemmy Aronowicz,jaronowiczel@biglobe.ne.jp,New South Wales,Port Stephens,2324
Heida Hubbart,hhubbartk8@barnesandnoble.com,New South Wales,Port Stephens,2420
Saree Wretham,swrethamkb@diigo.com,New South Wales,Port Stephens,2421
Alvy Valentine,avalentined@bigcartel.com,New South Wales,Randwick,2017
Brander Bolam,bbolamg@last.fm,New South Wales,Randwick,2018
Cly Paladini,cpaladinij@marriott.com,New South Wales,Randwick,2019
Glenda Prys,gpryso@unc.edu,New South Wales,Randwick,2018
Ingunna Strode,istrodes@thetimes.co.uk,New South Wales,Randwick,2018
Pamela Dudny,pdudnyx@mac.com,New South Wales,Randwick,2024
Abbey Gyver,agyverz@artisteer.com,New South Wales,Randwick,2018
Glynda Largent,glargent1c@toplist.cz,New South Wales,Randwick,2031
Kaleena McMonnies,kmcmonnies1f@tmall.com,New South Wales,Randwick,2032
Esme Fiddler,efiddler1h@imageshack.us,New South Wales,Randwick,2033
Osmund Tootell,otootell1j@photobucket.com,New South Wales,Randwick,2034
Deborah Parham,dparham1l@dyndns.org,New South Wales,Randwick,2035
Carma Danilewicz,cdanilewicz1n@cargocollective.com,New South Wales,Randwick,2036
Meade Pfeffle,mpfeffle2l@google.it,New South Wales,Randwick,2052
Stephine McIlmorow,smcilmorowmj@theglobeandmail.com,New South Wales,Richmond Valley,2460
Barry Frear,bfrearmm@engadget.com,New South Wales,Richmond Valley,2463
Priscella Rathborne,prathbornemt@wordpress.org,New South Wales,Richmond Valley,2469
Raleigh Heustice,rheusticemx@nyu.edu,New South Wales,Richmond Valley,2470
Jacobo Brosenius,jbroseniusn0@github.com,New South Wales,Richmond Valley,2471
Abran Scrimshaw,ascrimshawn4@youtube.com,New South Wales,Richmond Valley,2472
Whitby Gouth,wgouthn6@t-online.de,New South Wales,Richmond Valley,2473
Joni Sharple,jsharplen9@imageshack.us,New South Wales,Richmond Valley,2474
Carson Grinikhin,cgrinikhinnh@theglobeandmail.com,New South Wales,Richmond Valley,2477
Celine Dallicoat,cdallicoatnl@wsj.com,New South Wales,Richmond Valley,2478
Amberly McJury,amcjuryns@uiuc.edu,New South Wales,Richmond Valley,2480
Carmel Agate,cagatem@walmart.com,New South Wales,Rockdale,2020
Ora Poundsford,opoundsford24@businessinsider.com,New South Wales,Rockdale,2044
Cairistiona Axtell,caxtellaf@apache.org,New South Wales,Rockdale,2204
Letta Matteotti,lmatteottiai@bloomberg.com,New South Wales,Rockdale,2205
Gwenny Busfield,gbusfieldal@miitbeian.gov.cn,New South Wales,Rockdale,2206
Bil Wassell,bwassellao@hhs.gov,New South Wales,Rockdale,2207
Flinn Trenoweth,ftrenowethar@fema.gov,New South Wales,Rockdale,2208
Lexy Thistleton,lthistletonb6@imageshack.us,New South Wales,Rockdale,2216
Valerie Dalyiel,vdalyielb8@mtv.com,New South Wales,Rockdale,2217
Cassondra Wearn,cwearnbb@list-manage.com,New South Wales,Rockdale,2218
Joanne Cheney,jcheneybd@ycombinator.com,New South Wales,Rockdale,2219
Zita Cicco,zciccobg@fema.gov,New South Wales,Rockdale,2220
Rivi Risbridger,rrisbridger2y@reuters.com,New South Wales,Ryde,2066
Marian Greaser,mgreaser31@ox.ac.uk,New South Wales,Ryde,2067
Wilone Rabier,wrabier36@dedecms.com,New South Wales,Ryde,2070
Drucill Shapira,dshapira39@infoseek.co.jp,New South Wales,Ryde,2071
Galvin Gilfoyle,ggilfoyle3b@hatena.ne.jp,New South Wales,Ryde,2073
Pauli Moultrie,pmoultrie3d@facebook.com,New South Wales,Ryde,2074
Jonas Lahiff,jlahiff4o@cyberchimps.com,New South Wales,Ryde,2109
Tyler Rockall,trockall4q@w3.org,New South Wales,Ryde,2110
Laughton Galea,lgalea4s@springer.com,New South Wales,Ryde,2111
Meryl Haly,mhaly4t@abc.net.au,New South Wales,Ryde,2112
Billi Shawley,bshawley4w@google.cn,New South Wales,Ryde,2113
Diana Toppes,dtoppes4z@fda.gov,New South Wales,Ryde,2114
Ange Masterman,amasterman51@unicef.org,New South Wales,Ryde,2115
Robb Nassi,rnassi54@tinyurl.com,New South Wales,Ryde,2117
Kiri Itzkovitch,kitzkovitch5g@smh.com.au,New South Wales,Ryde,2121
Garvin Dudenie,gdudenie5k@cargocollective.com,New South Wales,Ryde,2122
Dov Baskwell,dbaskwellor@vistaprint.com,New South Wales,Shellharbour,2527
Carolynn Marwick,cmarwickou@hexun.com,New South Wales,Shellharbour,2528
Linette Deshorts,ldeshortsox@xrea.com,New South Wales,Shellharbour,2529
Lissy Morville,lmorvilleoy@msn.com,New South Wales,Shellharbour,2530
Pegeen Birchill,pbirchillp1@gnu.org,New South Wales,Shellharbour,2533
Chrissy Reckless,crecklessqx@umn.edu,New South Wales,Shellharbour,2574
Mylo Cosin,mcosinr4@ucoz.com,New South Wales,Shellharbour,2576
Jamima Kleisel,jkleiselr9@over-blog.com,New South Wales,Shellharbour,2577
Claybourne Skillen,cskillenp2@cbslocal.com,New South Wales,Shoalhaven,2533
Susanne Worviell,sworviellp4@bbb.org,New South Wales,Shoalhaven,2534
Raynard Spivey,rspiveyp6@amazon.de,New South Wales,Shoalhaven,2535
Garv Duny,gdunyp9@wsj.com,New South Wales,Shoalhaven,2536
Sidonnie Bettington,sbettingtonpc@theguardian.com,New South Wales,Shoalhaven,2538
Gabriell Pigot,gpigotpd@hibu.com,New South Wales,Shoalhaven,2539
Katheryn Faulks,kfaulkspe@smh.com.au,New South Wales,Shoalhaven,2540
Cristi Howat,chowatpf@netvibes.com,New South Wales,Shoalhaven,2541
Hi Rubinshtein,hrubinshteinra@networksolutions.com,New South Wales,Shoalhaven,2577
Dmitri Goggen,dgoggenrf@aboutads.info,New South Wales,Shoalhaven,2579
Torry Bortolussi,tbortolussirl@taobao.com,New South Wales,Shoalhaven,2580
Wakefield Dewsbury,wdewsburydp@google.nl,New South Wales,Singleton,2311
Ransell Torbet,rtorbete3@amazon.co.jp,New South Wales,Singleton,2320
Drucy Belhome,dbelhomee9@dyndns.org,New South Wales,Singleton,2321
Ginelle Hains,ghainser@blogspot.com,New South Wales,Singleton,2325
Addie Reace,areaceey@bravesites.com,New South Wales,Singleton,2328
Katharina Colqueran,kcolqueranf9@free.fr,New South Wales,Singleton,2330
Ignace Drysdell,idrysdellfc@skyrock.com,New South Wales,Singleton,2333
Alene Leary,alearyfg@google.com,New South Wales,Singleton,2334
Rhoda Gilford,rgilfordfk@wisc.edu,New South Wales,Singleton,2335
Rik Tombs,rtombsfn@sphinn.com,New South Wales,Singleton,2336
Kennie Quinane,kquinanekc@yandex.ru,New South Wales,Singleton,2421
Jilleen Dignon,jdignon5r@shareasale.com,New South Wales,Strathfield,2127
Evelin Lyon,elyon5u@economist.com,New South Wales,Strathfield,2129
Barbie Roycroft,broycroft67@arizona.edu,New South Wales,Strathfield,2133
Kameko Ferraretto,kferraretto6d@zdnet.com,New South Wales,Strathfield,2135
Hale Quarrell,hquarrell6h@washingtonpost.com,New South Wales,Strathfield,2136
Giavani McGettrick,gmcgettrick6k@phpbb.com,New South Wales,Strathfield,2137
Allene Roseburgh,aroseburgh6n@economist.com,New South Wales,Strathfield,2138
Gay Polini,gpolini6r@bing.com,New South Wales,Strathfield,2140
Kristal Heeks,kheeks6u@networkadvertising.org,New South Wales,Strathfield,2141
Roberta Stiggles,rstiggles9m@freewebs.com,New South Wales,Strathfield,2190
Minor Folcarelli,mfolcarelli9p@newyorker.com,New South Wales,Strathfield,2191
Nana Grassett,ngrassett9r@indiatimes.com,New South Wales,Strathfield,2192
Miquela Skaife,mskaife9z@gizmodo.com,New South Wales,Strathfield,2195
Joan Dallman,jdallman8y@webnode.com,New South Wales,Sutherland Shire,2172
Idell Taile,itaile91@ehow.com,New South Wales,Sutherland Shire,2173
Norton Madre,nmadreb2@utexas.edu,New South Wales,Sutherland Shire,2213
Deirdre Smullin,dsmullinbi@apple.com,New South Wales,Sutherland Shire,2221
Eugenius Baford,ebafordbo@economist.com,New South Wales,Sutherland Shire,2224
Lorette Thickin,lthickinbp@google.de,New South Wales,Sutherland Shire,2225
Loutitia Harcase,lharcasebq@icq.com,New South Wales,Sutherland Shire,2226
Kerry Capnerhurst,kcapnerhurstbr@posterous.com,New South Wales,Sutherland Shire,2227
Farlee Sheldrake,fsheldrakebs@clickbank.net,New South Wales,Sutherland Shire,2228
Jennine Aldritt,jaldrittbt@archive.org,New South Wales,Sutherland Shire,2229
Caspar Hennemann,chennemannbu@dyndns.org,New South Wales,Sutherland Shire,2230
Allistir Goff,agoffbv@t-online.de,New South Wales,Sutherland Shire,2231
Sibella Arnet,sarnetbw@amazon.co.uk,New South Wales,Sutherland Shire,2232
Lenette Riccetti,lriccettibx@huffingtonpost.com,New South Wales,Sutherland Shire,2233
Elle Hollebon,ehollebonc1@cocolog-nifty.com,New South Wales,Sutherland Shire,2234
Kendall Beckles,kbecklesog@qq.com,New South Wales,Sutherland Shire,2508
Joya Bollis,jbollis0@ed.gov,New South Wales,Sydney,2000
Kermit Reignard,kreignard1@sun.com,New South Wales,Sydney,2006
Genvieve McGeoch,gmcgeoch2@istockphoto.com,New South Wales,Sydney,2006
Slade Newvell,snewvell3@live.com,New South Wales,Sydney,2006
Becky Stroulger,bstroulger4@stanford.edu,New South Wales,Sydney,2009
Putnam Abernethy,pabernethy5@npr.org,New South Wales,Sydney,2010
Muhammad McCay,mmccay92@gnu.org,New South Wales,Sydney,2044
Gerrard Stephens,gstephensoh@ameblo.jp,New South Wales,Sydney,2044
Patten Cops,pcopsq6@princeton.edu,New South Wales,Sydney,2044
Noami Rigby,nrigbyos@storify.com,New South Wales,Sydney,2006
Shantee Searles,ssearlesqs@twitter.com,New South Wales,Sydney,2006
Freddi Linnemann,flinnemannqu@slate.com,New South Wales,Sydney,2006
Nisse Lindenstrauss,nlindenstraussqy@biglobe.ne.jp,New South Wales,Sydney,2006
Cort Feltoe,cfeltoer2@furl.net,New South Wales,Sydney,2006
Jorge Lux,jluxr5@thetimes.co.uk,New South Wales,Sydney,2006
Henry Baile,hbailerc@cisco.com,New South Wales,Sydney,2006
Wynny Barnwell,wbarnwellrd@ucsd.edu,New South Wales,Sydney,2006
Stinky Ambroise,sambroiserh@usa.gov,New South Wales,Sydney,2006
Vernon Pourvoieur,vpourvoieurrn@ocn.ne.jp,New South Wales,Sydney,2006
Percy McMains,pmcmainsq9@themeforest.net,New South Wales,Sydney,2044
Brandie Tomet,btometqk@addthis.com,New South Wales,Sydney,2044
Johnna Braddon,jbraddonql@bandcamp.com,New South Wales,Sydney,2044
Meaghan Harrowsmith,mharrowsmithqo@mapquest.com,New South Wales,Sydney,2044
Mischa Littlekit,mlittlekitqr@patch.com,New South Wales,Sydney,2044
Stillman Proudlock,sproudlockqt@reuters.com,New South Wales,Sydney,2044
Neal Illing,nillingqv@networksolutions.com,New South Wales,Sydney,2044
Margaretta D'Alessio,mdalessioqw@uiuc.edu,New South Wales,Sydney,2044
Shane Putten,sputtenqz@kickstarter.com,New South Wales,Sydney,2044
Hayden Dobrowski,hdobrowskir3@i2i.jp,New South Wales,Sydney,2044
Ursulina Cregin,ucreginro@twitter.com,New South Wales,Sydney,2044
Verine McKinnell,vmckinnell93@springer.com,New South Wales,Sydney,2044
Godart Challace,gchallace17@angelfire.com,New South Wales,Sydney,2044
Cecily Bruineman,cbruineman19@bloglovin.com,New South Wales,Sydney,2044
Ariella Jelk,ajelk1b@phpbb.com,New South Wales,Sydney,2044
Leisha Blenkin,lblenkinc5@ask.com,New South Wales,Sydney,2044
Arielle Lusty,alustyca@cornell.edu,New South Wales,Sydney,2044
Aguie Corben,acorbencc@cdbaby.com,New South Wales,Sydney,2044
Carolin Kempton,ckempton2k@posterous.com,New South Wales,Sydney,2050
Bennie Jolliman,bjollimanfw@microsoft.com,New South Wales,Tamworth Regional,2338
Stephanus Ickovici,sickovicig3@zdnet.com,New South Wales,Tamworth Regional,2340
Maudie Wemes,mwemesg7@altervista.org,New South Wales,Tamworth Regional,2341
Rusty Sinkins,rsinkinsga@goodreads.com,New South Wales,Tamworth Regional,2342
Woodman Eusden,weusdengd@census.gov,New South Wales,Tamworth Regional,2343
Gerti Keen,gkeengh@altervista.org,New South Wales,Tamworth Regional,2344
Idell Kellaway,ikellawaygi@jugem.jp,New South Wales,Tamworth Regional,2345
Rice Alanbrooke,ralanbrookegl@soup.io,New South Wales,Tamworth Regional,2346
Nancy Geany,ngeanygp@microsoft.com,New South Wales,Tamworth Regional,2347
Alvie Burkill,aburkillh1@slashdot.org,New South Wales,Tamworth Regional,2352
Min Etherson,methersonh3@independent.co.uk,New South Wales,Tamworth Regional,2353
Chantal Strettell,cstrettellh9@reverbnation.com,New South Wales,Tamworth Regional,2354
Bryna Gorghetto,bgorghettohd@upenn.edu,New South Wales,Tamworth Regional,2355
Philippe Aumerle,paumerlehn@xing.com,New South Wales,Tamworth Regional,2358
Moore Paddon,mpaddonhs@sitemeter.com,New South Wales,Tamworth Regional,2359
Robbyn Mitchall,rmitchallhy@pbs.org,New South Wales,Tamworth Regional,2360
Ronnica Sommer,rsommerio@ask.com,New South Wales,Tamworth Regional,2380
Shellysheldon Celier,scelierj8@vimeo.com,New South Wales,Tamworth Regional,2390
Othello Rosier,orosierjt@bigcartel.com,New South Wales,Tamworth Regional,2404
Karlee Chadwen,kchadweni2@vkontakte.ru,New South Wales,Tenterfield,2361
Roseann Klainer,rklainerif@list-manage.com,New South Wales,Tenterfield,2370
Sherie Pape,spapeih@businesswire.com,New South Wales,Tenterfield,2371
Meir Santarelli,msantarelliil@mozilla.org,New South Wales,Tenterfield,2372
Kennie Rosel,kroselmu@cyberchimps.com,New South Wales,Tenterfield,2469
Cybil Talby,ctalbync@wikimedia.org,New South Wales,Tenterfield,2475
Sada Ingarfill,singarfillne@berkeley.edu,New South Wales,Tenterfield,2476
Basia Espasa,bespasa55@addtoany.com,New South Wales,The Hills Shire,2117
Doralynne Dunton,ddunton58@twitpic.com,New South Wales,The Hills Shire,2118
Dillon Mullin,dmullin5a@cnbc.com,New South Wales,The Hills Shire,2119
Angil Bech,abech5m@flavors.me,New South Wales,The Hills Shire,2125
Aliza Buyers,abuyers5o@engadget.com,New South Wales,The Hills Shire,2126
Neddy Salerg,nsalerg7c@lycos.com,New South Wales,The Hills Shire,2147
Elwin Mehmet,emehmet7h@ycombinator.com,New South Wales,The Hills Shire,2150
Karon Coytes,kcoytes7j@thetimes.co.uk,New South Wales,The Hills Shire,2151
Waylen Jacobsen,wjacobsen7l@tinypic.com,New South Wales,The Hills Shire,2152
Julius O'Shaughnessy,joshaughnessy7o@ca.gov,New South Wales,The Hills Shire,2153
Desmund Cameron,dcameron7q@symantec.com,New South Wales,The Hills Shire,2154
Perla Girardoni,pgirardoni7s@europa.eu,New South Wales,The Hills Shire,2155
Sheelagh Wastall,swastall7u@example.com,New South Wales,The Hills Shire,2156
Lin Pash,lpash7w@github.io,New South Wales,The Hills Shire,2157
Constancy Patnelli,cpatnelli7y@businesswire.com,New South Wales,The Hills Shire,2158
Ermengarde Deering,edeeringna@imgur.com,New South Wales,Tweed,2474
Cherish Lempel,clempelnt@meetup.com,New South Wales,Tweed,2480
Jaquelin Melley,jmelleyny@abc.net.au,New South Wales,Tweed,2482
Marcia Cann,mcanno0@prweb.com,New South Wales,Tweed,2483
Jorgan Cleugh,jcleugho4@feedburner.com,New South Wales,Tweed,2484
Evvie Botterill,ebotterillo5@cam.ac.uk,New South Wales,Tweed,2485
Fabian Kinig,fkinigo6@deviantart.com,New South Wales,Tweed,2486
Chloris Southerill,csoutherillo7@ed.gov,New South Wales,Tweed,2487
Glendon Getley,ggetleyo8@altervista.org,New South Wales,Tweed,2488
Ag Illingsworth,aillingswortho9@delicious.com,New South Wales,Tweed,2489
Jacqui Gurdon,jgurdonoa@phpbb.com,New South Wales,Tweed,2490
Cherie Leads,cleadsdq@over-blog.com,New South Wales,Upper Hunter Shire,2311
Mathilde Huxster,mhuxsterez@hao123.com,New South Wales,Upper Hunter Shire,2328
Wald Loachhead,wloachheadf3@thetimes.co.uk,New South Wales,Upper Hunter Shire,2329
Audy O'Crigan,aocriganfa@tumblr.com,New South Wales,Upper Hunter Shire,2330
Paloma Scouller,pscoullerfd@japanpost.jp,New South Wales,Upper Hunter Shire,2333
Vail Antczak,vantczakfo@imdb.com,New South Wales,Upper Hunter Shire,2336
Lettie Verbruggen,lverbruggenft@mac.com,New South Wales,Upper Hunter Shire,2337
Mikol Humberston,mhumberstonfx@hibu.com,New South Wales,Upper Hunter Shire,2338
Teodoro Olivella,tolivellag0@infoseek.co.jp,New South Wales,Upper Hunter Shire,2339
Meredith De'Ath,mdeathg4@squarespace.com,New South Wales,Upper Hunter Shire,2340
Nina Bande,nbandege@dell.com,New South Wales,Upper Hunter Shire,2343
Trev Artist,tartistha@behance.net,New South Wales,Upper Hunter Shire,2354
Alasdair Locket,alocketis@discuz.net,New South Wales,Upper Hunter Shire,2381
Happy Vannucci,hvannuccikh@geocities.com,New South Wales,Upper Hunter Shire,2422
Sherlocke Glawsop,sglawsopr1@prlog.org,New South Wales,Upper Lachlan Shire,2575
Zonnya Brehault,zbrehaultrb@goodreads.com,New South Wales,Upper Lachlan Shire,2577
Jennica Lymer,jlymerrg@upenn.edu,New South Wales,Upper Lachlan Shire,2579
Martica Yves,myvesrm@tinyurl.com,New South Wales,Upper Lachlan Shire,2580
Bennie Carsey,bcarseygq@usgs.gov,New South Wales,Uralla,2347
Dougy Stiff,dstiffgy@sphinn.com,New South Wales,Uralla,2350
Leontyne Dumbrill,ldumbrillhb@house.gov,New South Wales,Uralla,2354
Toma Fausch,tfauschhe@wisc.edu,New South Wales,Uralla,2355
Sharlene Gulleford,sgullefordho@usa.gov,New South Wales,Uralla,2358
Charley Elwel,celwelht@theguardian.com,New South Wales,Uralla,2359
Grace Gobeaux,ggobeauxhz@apple.com,New South Wales,Uralla,2360
Berkley MacFadin,bmacfadinib@psu.edu,New South Wales,Uralla,2369
Isacco Rawcliffe,irawcliffefy@eepurl.com,New South Wales,Walcha,2338
Ive Meugens,imeugensgz@slideshare.net,New South Wales,Walcha,2350
Gene Cureton,gcuretonh2@jiathis.com,New South Wales,Walcha,2352
Fielding Eate,featehc@com.com,New South Wales,Walcha,2354
Elizabeth Dillaway,edillawayhp@cdc.gov,New South Wales,Walcha,2358
Peder Doodson,pdoodsonki@google.nl,New South Wales,Walcha,2422
Henrieta Olech,holechkp@prlog.org,New South Wales,Walcha,2424
Lorain Kalinke,lkalinkela@si.edu,New South Wales,Walcha,2440
Ester Nance,enancelo@pbs.org,New South Wales,Walcha,2446
Dorena Costelow,dcostelowix@slideshare.net,New South Wales,Walgett,2386
Violetta Nutter,vnutterj2@tripadvisor.com,New South Wales,Walgett,2388
Harley Stallen,hstallenjl@accuweather.com,New South Wales,Walgett,2400
Heinrik Danilenko,hdanilenkoju@bloomberg.com,New South Wales,Walgett,2406
Abramo Pepineaux,apepineaux34@buzzfeed.com,New South Wales,Warringah,2069
Edgar Kesterton,ekesterton37@tuttocitta.it,New South Wales,Warringah,2070
Sigismond Balstone,sbalstone3a@marriott.com,New South Wales,Warringah,2071
Birgit D'Avaux,bdavaux3e@paypal.com,New South Wales,Warringah,2074
Karilynn Castro,kcastro3f@merriam-webster.com,New South Wales,Warringah,2075
Cordelia Grabham,cgrabham3q@jugem.jp,New South Wales,Warringah,2084
Ward Naptine,wnaptine3r@ow.ly,New South Wales,Warringah,2085
Doll Senogles,dsenogles3s@addthis.com,New South Wales,Warringah,2086
Atlante Berthomieu,aberthomieu3v@imageshack.us,New South Wales,Warringah,2087
Rab Flavelle,rflavelle42@unesco.org,New South Wales,Warringah,2092
Torey Gerant,tgerant44@cyberchimps.com,New South Wales,Warringah,2093
Tam Selwood,tselwood47@booking.com,New South Wales,Warringah,2095
Coralie Vondra,cvondra49@live.com,New South Wales,Warringah,2096
Courtney Eidelman,ceidelman4a@arizona.edu,New South Wales,Warringah,2097
Hanni Speke,hspeke4b@mozilla.com,New South Wales,Warringah,2099
Adams Orleton,aorleton4d@amazon.co.uk,New South Wales,Warringah,2100
Kathleen Mate,kmate4f@mtv.com,New South Wales,Warringah,2101
Ida Brettelle,ibrettelle4n@wikia.com,New South Wales,Warringah,2108
Bliss MacKeller,bmackellerf4@mapy.cz,New South Wales,Warrumbungle Shire,2329
Renelle Bladen,rbladenhk@google.de,New South Wales,Warrumbungle Shire,2357
Aprilette Collymore,acollymoreip@wordpress.com,New South Wales,Warrumbungle Shire,2380
Jessamine Pfeffle,jpfeffleit@oaic.gov.au,New South Wales,Warrumbungle Shire,2381
Marchelle Luard,mluardj3@mlb.com,New South Wales,Warrumbungle Shire,2388
Ginnifer Seals,gsealsja@pcworld.com,New South Wales,Warrumbungle Shire,2395
Hannie Schuster,hschusterje@macromedia.com,New South Wales,Warrumbungle Shire,2396
Zelig Vipan,zvipanq@fastcompany.com,New South Wales,Waverley,2021
Kahaleel Maciocia,kmaciociat@elpais.com,New South Wales,Waverley,2022
Latrena Tomadoni,ltomadoniv@cocolog-nifty.com,New South Wales,Waverley,2023
Roslyn Elves,relvesy@tuttocitta.it,New South Wales,Waverley,2024
Brooke McCrisken,bmccrisken11@state.gov,New South Wales,Waverley,2025
Agnesse Hedau,ahedau13@si.edu,New South Wales,Waverley,2026
Marjie Newtown,mnewtown18@bluehost.com,New South Wales,Waverley,2029
Myron Collard,mcollard1a@shinystat.com,New South Wales,Waverley,2030
Worthy Alton,walton1d@webnode.com,New South Wales,Waverley,2031
Gabriel Snawdon,gsnawdon2p@wiley.com,New South Wales,Willoughby,2062
Florenza Felten,ffelten2r@baidu.com,New South Wales,Willoughby,2063
Ignacio Portt,iportt2t@bloglines.com,New South Wales,Willoughby,2064
Carry Gerling,cgerling2w@netlog.com,New South Wales,Willoughby,2065
Gennifer Stapylton,gstapylton2z@ehow.com,New South Wales,Willoughby,2066
Gayler Matley,gmatley32@imgur.com,New South Wales,Willoughby,2067
Ysabel Nudds,ynudds33@issuu.com,New South Wales,Willoughby,2068
Lacey Dumphrey,ldumphrey35@github.com,New South Wales,Willoughby,2069
Claiborne Dodshun,cdodshun38@ucoz.ru,New South Wales,Willoughby,2070
Anica McGloin,amcgloin4x@dion.ne.jp,New South Wales,Willoughby,2113